name,price,url
Beko FSM52335DXDS,12 534,/ua/bt-kuhonnye-plity-i-poverhnosti/beko-fsm52335dxds/
Gorenje GG5A13WJ,11 838,/ua/bt-kuhonnye-plity-i-poverhnosti/gorenje-gg5a13wj/
Hansa FCMS582258,12 048,/ua/bt-kuhonnye-plity-i-poverhnosti/hansa-fcms582258/
Ardesto FSC-F5060AW,10 202,/ua/bt-kuhonnye-plity-i-poverhnosti/ardesto-fsc-f5060aw/
Bosch HXN390D50L,21 187,/ua/bt-kuhonnye-plity-i-poverhnosti/bosch-hxn390d50l/
Greta KGG 50 MN 13 W,7 982,/ua/bt-kuhonnye-plity-i-poverhnosti/greta-kgg-50-mn-13-w/
Beko FSM62331DXT,16 444,/ua/bt-kuhonnye-plity-i-poverhnosti/beko-fsm62331dxt/
Gorenje GG5A12WH,11 213,/ua/bt-kuhonnye-plity-i-poverhnosti/gorenje-gg5a12wh/
Electrolux RKG500004X,13 436,/ua/bt-kuhonnye-plity-i-poverhnosti/electrolux-rkg500004x/
Beko FSG52020FW,9 707,/ua/bt-kuhonnye-plity-i-poverhnosti/beko-fsg52020fw/
Electrolux RKG600005X,15 864,/ua/bt-kuhonnye-plity-i-poverhnosti/electrolux-rkg600005x/
Fiesta G 6403 SICLtw-SS,12 948,/ua/bt-kuhonnye-plity-i-poverhnosti/fiesta-g-6403-sicltw-ss/
Gorenje GGI5C21WF,17 236,/ua/bt-kuhonnye-plity-i-poverhnosti/gorenje-ggi5c21wf/
Hansa FCGW51000,9 162,/ua/bt-kuhonnye-plity-i-poverhnosti/hansa-fcgw51000/
Zanussi ZCG9610J1X,12 297,/ua/bt-kuhonnye-plity-i-poverhnosti/zanussi-zcg9610j1x/
Electrolux RKK560200W,14 554,/ua/bt-kuhonnye-plity-i-poverhnosti/electrolux-rkk560200w/
Beko FSM62530DXMS,17 152,/ua/bt-kuhonnye-plity-i-poverhnosti/beko-fsm62530dxms/
Indesit IS5G1PMX/E,12 987,/ua/bt-kuhonnye-plity-i-poverhnosti/indesit-is5g1pmxe/
Gorenje KS635X,20 102,/ua/bt-kuhonnye-plity-i-poverhnosti/gorenje-ks635x/
Electrolux RKG500002W,12 730,/ua/bt-kuhonnye-plity-i-poverhnosti/electrolux-rkg500002w/
Gorenje GK5C41BF,14 508,/ua/bt-kuhonnye-plity-i-poverhnosti/gorenje-gk5c41bf/
Beko FSM52332DWDS,11 975,/ua/bt-kuhonnye-plity-i-poverhnosti/beko-fsm52332dwds/
Gorenje GG5A12WF,13 512,/ua/bt-kuhonnye-plity-i-poverhnosti/gorenje-gg5a12wf/
Gorenje GKS6C70WJ,16 839,/ua/bt-kuhonnye-plity-i-poverhnosti/gorenje-gks6c70wj/
